subject_id,gait_label,walk_id,walk_directory
1,antalgic,1,data/Pathological_Gaits/human1_antalgic1
1,antalgic,2,data/Pathological_Gaits/human1_antalgic2
1,antalgic,6,data/Pathological_Gaits/human1_antalgic6
1,antalgic,10,data/Pathological_Gaits/human1_antalgic10
1,antalgic,11,data/Pathological_Gaits/human1_antalgic11
1,antalgic,12,data/Pathological_Gaits/human1_antalgic12
1,antalgic,16,data/Pathological_Gaits/human1_antalgic16
1,antalgic,17,data/Pathological_Gaits/human1_antalgic17
10,antalgic,1,data/Pathological_Gaits/human10_antalgic1
10,antalgic,2,data/Pathological_Gaits/human10_antalgic2
10,antalgic,7,data/Pathological_Gaits/human10_antalgic7
10,antalgic,11,data/Pathological_Gaits/human10_antalgic11
10,antalgic,12,data/Pathological_Gaits/human10_antalgic12
10,antalgic,15,data/Pathological_Gaits/human10_antalgic15
10,antalgic,18,data/Pathological_Gaits/human10_antalgic18
10,antalgic,19,data/Pathological_Gaits/human10_antalgic19
2,antalgic,4,data/Pathological_Gaits/human2_antalgic4
2,antalgic,5,data/Pathological_Gaits/human2_antalgic5
2,antalgic,7,data/Pathological_Gaits/human2_antalgic7
2,antalgic,11,data/Pathological_Gaits/human2_antalgic11
2,antalgic,13,data/Pathological_Gaits/human2_antalgic13
2,antalgic,15,data/Pathological_Gaits/human2_antalgic15
2,antalgic,19,data/Pathological_Gaits/human2_antalgic19
2,antalgic,20,data/Pathological_Gaits/human2_antalgic20
3,antalgic,3,data/Pathological_Gaits/human3_antalgic3
3,antalgic,6,data/Pathological_Gaits/human3_antalgic6
3,antalgic,8,data/Pathological_Gaits/human3_antalgic8
3,antalgic,12,data/Pathological_Gaits/human3_antalgic12
3,antalgic,13,data/Pathological_Gaits/human3_antalgic13
3,antalgic,14,data/Pathological_Gaits/human3_antalgic14
3,antalgic,17,data/Pathological_Gaits/human3_antalgic17
3,antalgic,19,data/Pathological_Gaits/human3_antalgic19
4,antalgic,2,data/Pathological_Gaits/human4_antalgic2
4,antalgic,4,data/Pathological_Gaits/human4_antalgic4
4,antalgic,5,data/Pathological_Gaits/human4_antalgic5
4,antalgic,6,data/Pathological_Gaits/human4_antalgic6
4,antalgic,7,data/Pathological_Gaits/human4_antalgic7
4,antalgic,8,data/Pathological_Gaits/human4_antalgic8
4,antalgic,10,data/Pathological_Gaits/human4_antalgic10
4,antalgic,12,data/Pathological_Gaits/human4_antalgic12
5,antalgic,4,data/Pathological_Gaits/human5_antalgic4
5,antalgic,5,data/Pathological_Gaits/human5_antalgic5
5,antalgic,6,data/Pathological_Gaits/human5_antalgic6
5,antalgic,7,data/Pathological_Gaits/human5_antalgic7
5,antalgic,11,data/Pathological_Gaits/human5_antalgic11
5,antalgic,12,data/Pathological_Gaits/human5_antalgic12
5,antalgic,15,data/Pathological_Gaits/human5_antalgic15
5,antalgic,16,data/Pathological_Gaits/human5_antalgic16
6,antalgic,1,data/Pathological_Gaits/human6_antalgic1
6,antalgic,4,data/Pathological_Gaits/human6_antalgic4
6,antalgic,7,data/Pathological_Gaits/human6_antalgic7
6,antalgic,8,data/Pathological_Gaits/human6_antalgic8
6,antalgic,9,data/Pathological_Gaits/human6_antalgic9
6,antalgic,10,data/Pathological_Gaits/human6_antalgic10
6,antalgic,18,data/Pathological_Gaits/human6_antalgic18
6,antalgic,19,data/Pathological_Gaits/human6_antalgic19
7,antalgic,6,data/Pathological_Gaits/human7_antalgic6
7,antalgic,7,data/Pathological_Gaits/human7_antalgic7
7,antalgic,9,data/Pathological_Gaits/human7_antalgic9
7,antalgic,10,data/Pathological_Gaits/human7_antalgic10
7,antalgic,11,data/Pathological_Gaits/human7_antalgic11
7,antalgic,14,data/Pathological_Gaits/human7_antalgic14
7,antalgic,15,data/Pathological_Gaits/human7_antalgic15
7,antalgic,17,data/Pathological_Gaits/human7_antalgic17
8,antalgic,1,data/Pathological_Gaits/human8_antalgic1
8,antalgic,2,data/Pathological_Gaits/human8_antalgic2
8,antalgic,3,data/Pathological_Gaits/human8_antalgic3
8,antalgic,4,data/Pathological_Gaits/human8_antalgic4
8,antalgic,7,data/Pathological_Gaits/human8_antalgic7
8,antalgic,10,data/Pathological_Gaits/human8_antalgic10
8,antalgic,14,data/Pathological_Gaits/human8_antalgic14
8,antalgic,17,data/Pathological_Gaits/human8_antalgic17
9,antalgic,2,data/Pathological_Gaits/human9_antalgic2
9,antalgic,3,data/Pathological_Gaits/human9_antalgic3
9,antalgic,4,data/Pathological_Gaits/human9_antalgic4
9,antalgic,12,data/Pathological_Gaits/human9_antalgic12
9,antalgic,15,data/Pathological_Gaits/human9_antalgic15
9,antalgic,16,data/Pathological_Gaits/human9_antalgic16
9,antalgic,18,data/Pathological_Gaits/human9_antalgic18
9,antalgic,20,data/Pathological_Gaits/human9_antalgic20
1,lurch,1,data/Pathological_Gaits/human1_lurch1
1,lurch,3,data/Pathological_Gaits/human1_lurch3
1,lurch,6,data/Pathological_Gaits/human1_lurch6
1,lurch,7,data/Pathological_Gaits/human1_lurch7
1,lurch,9,data/Pathological_Gaits/human1_lurch9
1,lurch,10,data/Pathological_Gaits/human1_lurch10
1,lurch,11,data/Pathological_Gaits/human1_lurch11
1,lurch,12,data/Pathological_Gaits/human1_lurch12
10,lurch,7,data/Pathological_Gaits/human10_lurch7
10,lurch,11,data/Pathological_Gaits/human10_lurch11
10,lurch,12,data/Pathological_Gaits/human10_lurch12
10,lurch,13,data/Pathological_Gaits/human10_lurch13
10,lurch,16,data/Pathological_Gaits/human10_lurch16
10,lurch,18,data/Pathological_Gaits/human10_lurch18
10,lurch,19,data/Pathological_Gaits/human10_lurch19
10,lurch,20,data/Pathological_Gaits/human10_lurch20
2,lurch,3,data/Pathological_Gaits/human2_lurch3
2,lurch,4,data/Pathological_Gaits/human2_lurch4
2,lurch,7,data/Pathological_Gaits/human2_lurch7
2,lurch,8,data/Pathological_Gaits/human2_lurch8
2,lurch,15,data/Pathological_Gaits/human2_lurch15
2,lurch,16,data/Pathological_Gaits/human2_lurch16
2,lurch,17,data/Pathological_Gaits/human2_lurch17
2,lurch,18,data/Pathological_Gaits/human2_lurch18
3,lurch,2,data/Pathological_Gaits/human3_lurch2
3,lurch,4,data/Pathological_Gaits/human3_lurch4
3,lurch,6,data/Pathological_Gaits/human3_lurch6
3,lurch,13,data/Pathological_Gaits/human3_lurch13
3,lurch,14,data/Pathological_Gaits/human3_lurch14
3,lurch,15,data/Pathological_Gaits/human3_lurch15
3,lurch,17,data/Pathological_Gaits/human3_lurch17
3,lurch,20,data/Pathological_Gaits/human3_lurch20
4,lurch,1,data/Pathological_Gaits/human4_lurch1
4,lurch,2,data/Pathological_Gaits/human4_lurch2
4,lurch,6,data/Pathological_Gaits/human4_lurch6
4,lurch,7,data/Pathological_Gaits/human4_lurch7
4,lurch,8,data/Pathological_Gaits/human4_lurch8
4,lurch,10,data/Pathological_Gaits/human4_lurch10
4,lurch,16,data/Pathological_Gaits/human4_lurch16
4,lurch,19,data/Pathological_Gaits/human4_lurch19
5,lurch,3,data/Pathological_Gaits/human5_lurch3
5,lurch,4,data/Pathological_Gaits/human5_lurch4
5,lurch,8,data/Pathological_Gaits/human5_lurch8
5,lurch,9,data/Pathological_Gaits/human5_lurch9
5,lurch,11,data/Pathological_Gaits/human5_lurch11
5,lurch,16,data/Pathological_Gaits/human5_lurch16
5,lurch,17,data/Pathological_Gaits/human5_lurch17
5,lurch,20,data/Pathological_Gaits/human5_lurch20
6,lurch,5,data/Pathological_Gaits/human6_lurch5
6,lurch,6,data/Pathological_Gaits/human6_lurch6
6,lurch,8,data/Pathological_Gaits/human6_lurch8
6,lurch,9,data/Pathological_Gaits/human6_lurch9
6,lurch,10,data/Pathological_Gaits/human6_lurch10
6,lurch,11,data/Pathological_Gaits/human6_lurch11
6,lurch,14,data/Pathological_Gaits/human6_lurch14
6,lurch,17,data/Pathological_Gaits/human6_lurch17
7,lurch,2,data/Pathological_Gaits/human7_lurch2
7,lurch,3,data/Pathological_Gaits/human7_lurch3
7,lurch,4,data/Pathological_Gaits/human7_lurch4
7,lurch,8,data/Pathological_Gaits/human7_lurch8
7,lurch,14,data/Pathological_Gaits/human7_lurch14
7,lurch,16,data/Pathological_Gaits/human7_lurch16
7,lurch,17,data/Pathological_Gaits/human7_lurch17
7,lurch,18,data/Pathological_Gaits/human7_lurch18
8,lurch,1,data/Pathological_Gaits/human8_lurch1
8,lurch,2,data/Pathological_Gaits/human8_lurch2
8,lurch,7,data/Pathological_Gaits/human8_lurch7
8,lurch,9,data/Pathological_Gaits/human8_lurch9
8,lurch,10,data/Pathological_Gaits/human8_lurch10
8,lurch,11,data/Pathological_Gaits/human8_lurch11
8,lurch,13,data/Pathological_Gaits/human8_lurch13
8,lurch,15,data/Pathological_Gaits/human8_lurch15
9,lurch,1,data/Pathological_Gaits/human9_lurch1
9,lurch,3,data/Pathological_Gaits/human9_lurch3
9,lurch,10,data/Pathological_Gaits/human9_lurch10
9,lurch,13,data/Pathological_Gaits/human9_lurch13
9,lurch,15,data/Pathological_Gaits/human9_lurch15
9,lurch,16,data/Pathological_Gaits/human9_lurch16
9,lurch,19,data/Pathological_Gaits/human9_lurch19
9,lurch,20,data/Pathological_Gaits/human9_lurch20
1,normal,1,data/Pathological_Gaits/human1_normal1
1,normal,3,data/Pathological_Gaits/human1_normal3
1,normal,6,data/Pathological_Gaits/human1_normal6
1,normal,7,data/Pathological_Gaits/human1_normal7
1,normal,12,data/Pathological_Gaits/human1_normal12
1,normal,15,data/Pathological_Gaits/human1_normal15
1,normal,16,data/Pathological_Gaits/human1_normal16
1,normal,18,data/Pathological_Gaits/human1_normal18
10,normal,2,data/Pathological_Gaits/human10_normal2
10,normal,6,data/Pathological_Gaits/human10_normal6
10,normal,7,data/Pathological_Gaits/human10_normal7
10,normal,9,data/Pathological_Gaits/human10_normal9
10,normal,13,data/Pathological_Gaits/human10_normal13
10,normal,14,data/Pathological_Gaits/human10_normal14
10,normal,15,data/Pathological_Gaits/human10_normal15
10,normal,19,data/Pathological_Gaits/human10_normal19
2,normal,1,data/Pathological_Gaits/human2_normal1
2,normal,2,data/Pathological_Gaits/human2_normal2
2,normal,5,data/Pathological_Gaits/human2_normal5
2,normal,6,data/Pathological_Gaits/human2_normal6
2,normal,10,data/Pathological_Gaits/human2_normal10
2,normal,13,data/Pathological_Gaits/human2_normal13
2,normal,16,data/Pathological_Gaits/human2_normal16
2,normal,20,data/Pathological_Gaits/human2_normal20
3,normal,1,data/Pathological_Gaits/human3_normal1
3,normal,4,data/Pathological_Gaits/human3_normal4
3,normal,5,data/Pathological_Gaits/human3_normal5
3,normal,9,data/Pathological_Gaits/human3_normal9
3,normal,12,data/Pathological_Gaits/human3_normal12
3,normal,14,data/Pathological_Gaits/human3_normal14
3,normal,19,data/Pathological_Gaits/human3_normal19
3,normal,20,data/Pathological_Gaits/human3_normal20
4,normal,6,data/Pathological_Gaits/human4_normal6
4,normal,9,data/Pathological_Gaits/human4_normal9
4,normal,10,data/Pathological_Gaits/human4_normal10
4,normal,11,data/Pathological_Gaits/human4_normal11
4,normal,12,data/Pathological_Gaits/human4_normal12
4,normal,16,data/Pathological_Gaits/human4_normal16
4,normal,17,data/Pathological_Gaits/human4_normal17
4,normal,19,data/Pathological_Gaits/human4_normal19
5,normal,1,data/Pathological_Gaits/human5_normal1
5,normal,4,data/Pathological_Gaits/human5_normal4
5,normal,7,data/Pathological_Gaits/human5_normal7
5,normal,9,data/Pathological_Gaits/human5_normal9
5,normal,10,data/Pathological_Gaits/human5_normal10
5,normal,11,data/Pathological_Gaits/human5_normal11
5,normal,12,data/Pathological_Gaits/human5_normal12
5,normal,20,data/Pathological_Gaits/human5_normal20
6,normal,4,data/Pathological_Gaits/human6_normal4
6,normal,5,data/Pathological_Gaits/human6_normal5
6,normal,9,data/Pathological_Gaits/human6_normal9
6,normal,11,data/Pathological_Gaits/human6_normal11
6,normal,12,data/Pathological_Gaits/human6_normal12
6,normal,16,data/Pathological_Gaits/human6_normal16
6,normal,18,data/Pathological_Gaits/human6_normal18
6,normal,20,data/Pathological_Gaits/human6_normal20
7,normal,1,data/Pathological_Gaits/human7_normal1
7,normal,4,data/Pathological_Gaits/human7_normal4
7,normal,6,data/Pathological_Gaits/human7_normal6
7,normal,9,data/Pathological_Gaits/human7_normal9
7,normal,11,data/Pathological_Gaits/human7_normal11
7,normal,12,data/Pathological_Gaits/human7_normal12
7,normal,13,data/Pathological_Gaits/human7_normal13
7,normal,18,data/Pathological_Gaits/human7_normal18
8,normal,2,data/Pathological_Gaits/human8_normal2
8,normal,4,data/Pathological_Gaits/human8_normal4
8,normal,8,data/Pathological_Gaits/human8_normal8
8,normal,10,data/Pathological_Gaits/human8_normal10
8,normal,12,data/Pathological_Gaits/human8_normal12
8,normal,15,data/Pathological_Gaits/human8_normal15
8,normal,18,data/Pathological_Gaits/human8_normal18
8,normal,19,data/Pathological_Gaits/human8_normal19
9,normal,1,data/Pathological_Gaits/human9_normal1
9,normal,2,data/Pathological_Gaits/human9_normal2
9,normal,6,data/Pathological_Gaits/human9_normal6
9,normal,10,data/Pathological_Gaits/human9_normal10
9,normal,13,data/Pathological_Gaits/human9_normal13
9,normal,17,data/Pathological_Gaits/human9_normal17
9,normal,19,data/Pathological_Gaits/human9_normal19
9,normal,20,data/Pathological_Gaits/human9_normal20
1,steppage,1,data/Pathological_Gaits/human1_steppage1
1,steppage,3,data/Pathological_Gaits/human1_steppage3
1,steppage,11,data/Pathological_Gaits/human1_steppage11
1,steppage,12,data/Pathological_Gaits/human1_steppage12
1,steppage,13,data/Pathological_Gaits/human1_steppage13
1,steppage,14,data/Pathological_Gaits/human1_steppage14
1,steppage,17,data/Pathological_Gaits/human1_steppage17
1,steppage,19,data/Pathological_Gaits/human1_steppage19
10,steppage,6,data/Pathological_Gaits/human10_steppage6
10,steppage,7,data/Pathological_Gaits/human10_steppage7
10,steppage,8,data/Pathological_Gaits/human10_steppage8
10,steppage,11,data/Pathological_Gaits/human10_steppage11
10,steppage,13,data/Pathological_Gaits/human10_steppage13
10,steppage,14,data/Pathological_Gaits/human10_steppage14
10,steppage,15,data/Pathological_Gaits/human10_steppage15
10,steppage,16,data/Pathological_Gaits/human10_steppage16
2,steppage,3,data/Pathological_Gaits/human2_steppage3
2,steppage,4,data/Pathological_Gaits/human2_steppage4
2,steppage,11,data/Pathological_Gaits/human2_steppage11
2,steppage,12,data/Pathological_Gaits/human2_steppage12
2,steppage,13,data/Pathological_Gaits/human2_steppage13
2,steppage,14,data/Pathological_Gaits/human2_steppage14
2,steppage,15,data/Pathological_Gaits/human2_steppage15
2,steppage,18,data/Pathological_Gaits/human2_steppage18
3,steppage,2,data/Pathological_Gaits/human3_steppage2
3,steppage,6,data/Pathological_Gaits/human3_steppage6
3,steppage,7,data/Pathological_Gaits/human3_steppage7
3,steppage,8,data/Pathological_Gaits/human3_steppage8
3,steppage,10,data/Pathological_Gaits/human3_steppage10
3,steppage,11,data/Pathological_Gaits/human3_steppage11
3,steppage,16,data/Pathological_Gaits/human3_steppage16
3,steppage,18,data/Pathological_Gaits/human3_steppage18
4,steppage,5,data/Pathological_Gaits/human4_steppage5
4,steppage,8,data/Pathological_Gaits/human4_steppage8
4,steppage,12,data/Pathological_Gaits/human4_steppage12
4,steppage,13,data/Pathological_Gaits/human4_steppage13
4,steppage,15,data/Pathological_Gaits/human4_steppage15
4,steppage,16,data/Pathological_Gaits/human4_steppage16
4,steppage,17,data/Pathological_Gaits/human4_steppage17
4,steppage,20,data/Pathological_Gaits/human4_steppage20
5,steppage,1,data/Pathological_Gaits/human5_steppage1
5,steppage,3,data/Pathological_Gaits/human5_steppage3
5,steppage,5,data/Pathological_Gaits/human5_steppage5
5,steppage,6,data/Pathological_Gaits/human5_steppage6
5,steppage,7,data/Pathological_Gaits/human5_steppage7
5,steppage,8,data/Pathological_Gaits/human5_steppage8
5,steppage,14,data/Pathological_Gaits/human5_steppage14
5,steppage,15,data/Pathological_Gaits/human5_steppage15
6,steppage,3,data/Pathological_Gaits/human6_steppage3
6,steppage,4,data/Pathological_Gaits/human6_steppage4
6,steppage,8,data/Pathological_Gaits/human6_steppage8
6,steppage,10,data/Pathological_Gaits/human6_steppage10
6,steppage,11,data/Pathological_Gaits/human6_steppage11
6,steppage,12,data/Pathological_Gaits/human6_steppage12
6,steppage,13,data/Pathological_Gaits/human6_steppage13
6,steppage,19,data/Pathological_Gaits/human6_steppage19
7,steppage,6,data/Pathological_Gaits/human7_steppage6
7,steppage,7,data/Pathological_Gaits/human7_steppage7
7,steppage,8,data/Pathological_Gaits/human7_steppage8
7,steppage,9,data/Pathological_Gaits/human7_steppage9
7,steppage,12,data/Pathological_Gaits/human7_steppage12
7,steppage,13,data/Pathological_Gaits/human7_steppage13
7,steppage,17,data/Pathological_Gaits/human7_steppage17
7,steppage,18,data/Pathological_Gaits/human7_steppage18
8,steppage,2,data/Pathological_Gaits/human8_steppage2
8,steppage,3,data/Pathological_Gaits/human8_steppage3
8,steppage,4,data/Pathological_Gaits/human8_steppage4
8,steppage,7,data/Pathological_Gaits/human8_steppage7
8,steppage,9,data/Pathological_Gaits/human8_steppage9
8,steppage,11,data/Pathological_Gaits/human8_steppage11
8,steppage,12,data/Pathological_Gaits/human8_steppage12
8,steppage,13,data/Pathological_Gaits/human8_steppage13
9,steppage,8,data/Pathological_Gaits/human9_steppage8
9,steppage,9,data/Pathological_Gaits/human9_steppage9
9,steppage,10,data/Pathological_Gaits/human9_steppage10
9,steppage,12,data/Pathological_Gaits/human9_steppage12
9,steppage,14,data/Pathological_Gaits/human9_steppage14
9,steppage,15,data/Pathological_Gaits/human9_steppage15
9,steppage,17,data/Pathological_Gaits/human9_steppage17
9,steppage,18,data/Pathological_Gaits/human9_steppage18
1,stiff_legged,3,data/Pathological_Gaits/human1_stiff_legged3
1,stiff_legged,4,data/Pathological_Gaits/human1_stiff_legged4
1,stiff_legged,8,data/Pathological_Gaits/human1_stiff_legged8
1,stiff_legged,11,data/Pathological_Gaits/human1_stiff_legged11
1,stiff_legged,12,data/Pathological_Gaits/human1_stiff_legged12
1,stiff_legged,14,data/Pathological_Gaits/human1_stiff_legged14
1,stiff_legged,19,data/Pathological_Gaits/human1_stiff_legged19
1,stiff_legged,20,data/Pathological_Gaits/human1_stiff_legged20
10,stiff_legged,1,data/Pathological_Gaits/human10_stiff_legged1
10,stiff_legged,3,data/Pathological_Gaits/human10_stiff_legged3
10,stiff_legged,7,data/Pathological_Gaits/human10_stiff_legged7
10,stiff_legged,8,data/Pathological_Gaits/human10_stiff_legged8
10,stiff_legged,10,data/Pathological_Gaits/human10_stiff_legged10
10,stiff_legged,16,data/Pathological_Gaits/human10_stiff_legged16
10,stiff_legged,19,data/Pathological_Gaits/human10_stiff_legged19
10,stiff_legged,20,data/Pathological_Gaits/human10_stiff_legged20
2,stiff_legged,1,data/Pathological_Gaits/human2_stiff_legged1
2,stiff_legged,4,data/Pathological_Gaits/human2_stiff_legged4
2,stiff_legged,6,data/Pathological_Gaits/human2_stiff_legged6
2,stiff_legged,7,data/Pathological_Gaits/human2_stiff_legged7
2,stiff_legged,12,data/Pathological_Gaits/human2_stiff_legged12
2,stiff_legged,17,data/Pathological_Gaits/human2_stiff_legged17
2,stiff_legged,19,data/Pathological_Gaits/human2_stiff_legged19
2,stiff_legged,20,data/Pathological_Gaits/human2_stiff_legged20
3,stiff_legged,5,data/Pathological_Gaits/human3_stiff_legged5
3,stiff_legged,6,data/Pathological_Gaits/human3_stiff_legged6
3,stiff_legged,7,data/Pathological_Gaits/human3_stiff_legged7
3,stiff_legged,8,data/Pathological_Gaits/human3_stiff_legged8
3,stiff_legged,9,data/Pathological_Gaits/human3_stiff_legged9
3,stiff_legged,11,data/Pathological_Gaits/human3_stiff_legged11
3,stiff_legged,13,data/Pathological_Gaits/human3_stiff_legged13
3,stiff_legged,17,data/Pathological_Gaits/human3_stiff_legged17
4,stiff_legged,3,data/Pathological_Gaits/human4_stiff_legged3
4,stiff_legged,5,data/Pathological_Gaits/human4_stiff_legged5
4,stiff_legged,7,data/Pathological_Gaits/human4_stiff_legged7
4,stiff_legged,8,data/Pathological_Gaits/human4_stiff_legged8
4,stiff_legged,9,data/Pathological_Gaits/human4_stiff_legged9
4,stiff_legged,12,data/Pathological_Gaits/human4_stiff_legged12
4,stiff_legged,14,data/Pathological_Gaits/human4_stiff_legged14
4,stiff_legged,15,data/Pathological_Gaits/human4_stiff_legged15
5,stiff_legged,1,data/Pathological_Gaits/human5_stiff_legged1
5,stiff_legged,3,data/Pathological_Gaits/human5_stiff_legged3
5,stiff_legged,4,data/Pathological_Gaits/human5_stiff_legged4
5,stiff_legged,6,data/Pathological_Gaits/human5_stiff_legged6
5,stiff_legged,8,data/Pathological_Gaits/human5_stiff_legged8
5,stiff_legged,14,data/Pathological_Gaits/human5_stiff_legged14
5,stiff_legged,17,data/Pathological_Gaits/human5_stiff_legged17
5,stiff_legged,20,data/Pathological_Gaits/human5_stiff_legged20
6,stiff_legged,4,data/Pathological_Gaits/human6_stiff_legged4
6,stiff_legged,5,data/Pathological_Gaits/human6_stiff_legged5
6,stiff_legged,9,data/Pathological_Gaits/human6_stiff_legged9
6,stiff_legged,13,data/Pathological_Gaits/human6_stiff_legged13
6,stiff_legged,16,data/Pathological_Gaits/human6_stiff_legged16
6,stiff_legged,17,data/Pathological_Gaits/human6_stiff_legged17
6,stiff_legged,19,data/Pathological_Gaits/human6_stiff_legged19
6,stiff_legged,20,data/Pathological_Gaits/human6_stiff_legged20
7,stiff_legged,1,data/Pathological_Gaits/human7_stiff_legged1
7,stiff_legged,3,data/Pathological_Gaits/human7_stiff_legged3
7,stiff_legged,5,data/Pathological_Gaits/human7_stiff_legged5
7,stiff_legged,6,data/Pathological_Gaits/human7_stiff_legged6
7,stiff_legged,13,data/Pathological_Gaits/human7_stiff_legged13
7,stiff_legged,15,data/Pathological_Gaits/human7_stiff_legged15
7,stiff_legged,17,data/Pathological_Gaits/human7_stiff_legged17
7,stiff_legged,19,data/Pathological_Gaits/human7_stiff_legged19
8,stiff_legged,1,data/Pathological_Gaits/human8_stiff_legged1
8,stiff_legged,3,data/Pathological_Gaits/human8_stiff_legged3
8,stiff_legged,4,data/Pathological_Gaits/human8_stiff_legged4
8,stiff_legged,9,data/Pathological_Gaits/human8_stiff_legged9
8,stiff_legged,14,data/Pathological_Gaits/human8_stiff_legged14
8,stiff_legged,15,data/Pathological_Gaits/human8_stiff_legged15
8,stiff_legged,19,data/Pathological_Gaits/human8_stiff_legged19
8,stiff_legged,20,data/Pathological_Gaits/human8_stiff_legged20
9,stiff_legged,3,data/Pathological_Gaits/human9_stiff_legged3
9,stiff_legged,4,data/Pathological_Gaits/human9_stiff_legged4
9,stiff_legged,6,data/Pathological_Gaits/human9_stiff_legged6
9,stiff_legged,7,data/Pathological_Gaits/human9_stiff_legged7
9,stiff_legged,12,data/Pathological_Gaits/human9_stiff_legged12
9,stiff_legged,18,data/Pathological_Gaits/human9_stiff_legged18
9,stiff_legged,19,data/Pathological_Gaits/human9_stiff_legged19
9,stiff_legged,20,data/Pathological_Gaits/human9_stiff_legged20
1,trendelenburg,4,data/Pathological_Gaits/human1_trendelenburg4
1,trendelenburg,6,data/Pathological_Gaits/human1_trendelenburg6
1,trendelenburg,7,data/Pathological_Gaits/human1_trendelenburg7
1,trendelenburg,9,data/Pathological_Gaits/human1_trendelenburg9
1,trendelenburg,10,data/Pathological_Gaits/human1_trendelenburg10
1,trendelenburg,12,data/Pathological_Gaits/human1_trendelenburg12
1,trendelenburg,15,data/Pathological_Gaits/human1_trendelenburg15
1,trendelenburg,17,data/Pathological_Gaits/human1_trendelenburg17
10,trendelenburg,2,data/Pathological_Gaits/human10_trendelenburg2
10,trendelenburg,4,data/Pathological_Gaits/human10_trendelenburg4
10,trendelenburg,11,data/Pathological_Gaits/human10_trendelenburg11
10,trendelenburg,15,data/Pathological_Gaits/human10_trendelenburg15
10,trendelenburg,17,data/Pathological_Gaits/human10_trendelenburg17
10,trendelenburg,18,data/Pathological_Gaits/human10_trendelenburg18
10,trendelenburg,19,data/Pathological_Gaits/human10_trendelenburg19
10,trendelenburg,20,data/Pathological_Gaits/human10_trendelenburg20
2,trendelenburg,1,data/Pathological_Gaits/human2_trendelenburg1
2,trendelenburg,3,data/Pathological_Gaits/human2_trendelenburg3
2,trendelenburg,11,data/Pathological_Gaits/human2_trendelenburg11
2,trendelenburg,12,data/Pathological_Gaits/human2_trendelenburg12
2,trendelenburg,16,data/Pathological_Gaits/human2_trendelenburg16
2,trendelenburg,17,data/Pathological_Gaits/human2_trendelenburg17
2,trendelenburg,18,data/Pathological_Gaits/human2_trendelenburg18
2,trendelenburg,19,data/Pathological_Gaits/human2_trendelenburg19
3,trendelenburg,3,data/Pathological_Gaits/human3_trendelenburg3
3,trendelenburg,6,data/Pathological_Gaits/human3_trendelenburg6
3,trendelenburg,7,data/Pathological_Gaits/human3_trendelenburg7
3,trendelenburg,8,data/Pathological_Gaits/human3_trendelenburg8
3,trendelenburg,9,data/Pathological_Gaits/human3_trendelenburg9
3,trendelenburg,15,data/Pathological_Gaits/human3_trendelenburg15
3,trendelenburg,18,data/Pathological_Gaits/human3_trendelenburg18
3,trendelenburg,19,data/Pathological_Gaits/human3_trendelenburg19
4,trendelenburg,2,data/Pathological_Gaits/human4_trendelenburg2
4,trendelenburg,4,data/Pathological_Gaits/human4_trendelenburg4
4,trendelenburg,5,data/Pathological_Gaits/human4_trendelenburg5
4,trendelenburg,8,data/Pathological_Gaits/human4_trendelenburg8
4,trendelenburg,10,data/Pathological_Gaits/human4_trendelenburg10
4,trendelenburg,12,data/Pathological_Gaits/human4_trendelenburg12
4,trendelenburg,14,data/Pathological_Gaits/human4_trendelenburg14
4,trendelenburg,20,data/Pathological_Gaits/human4_trendelenburg20
5,trendelenburg,3,data/Pathological_Gaits/human5_trendelenburg3
5,trendelenburg,4,data/Pathological_Gaits/human5_trendelenburg4
5,trendelenburg,5,data/Pathological_Gaits/human5_trendelenburg5
5,trendelenburg,6,data/Pathological_Gaits/human5_trendelenburg6
5,trendelenburg,9,data/Pathological_Gaits/human5_trendelenburg9
5,trendelenburg,12,data/Pathological_Gaits/human5_trendelenburg12
5,trendelenburg,13,data/Pathological_Gaits/human5_trendelenburg13
5,trendelenburg,18,data/Pathological_Gaits/human5_trendelenburg18
6,trendelenburg,1,data/Pathological_Gaits/human6_trendelenburg1
6,trendelenburg,4,data/Pathological_Gaits/human6_trendelenburg4
6,trendelenburg,5,data/Pathological_Gaits/human6_trendelenburg5
6,trendelenburg,9,data/Pathological_Gaits/human6_trendelenburg9
6,trendelenburg,10,data/Pathological_Gaits/human6_trendelenburg10
6,trendelenburg,11,data/Pathological_Gaits/human6_trendelenburg11
6,trendelenburg,18,data/Pathological_Gaits/human6_trendelenburg18
6,trendelenburg,19,data/Pathological_Gaits/human6_trendelenburg19
7,trendelenburg,1,data/Pathological_Gaits/human7_trendelenburg1
7,trendelenburg,3,data/Pathological_Gaits/human7_trendelenburg3
7,trendelenburg,9,data/Pathological_Gaits/human7_trendelenburg9
7,trendelenburg,10,data/Pathological_Gaits/human7_trendelenburg10
7,trendelenburg,11,data/Pathological_Gaits/human7_trendelenburg11
7,trendelenburg,14,data/Pathological_Gaits/human7_trendelenburg14
7,trendelenburg,17,data/Pathological_Gaits/human7_trendelenburg17
7,trendelenburg,20,data/Pathological_Gaits/human7_trendelenburg20
8,trendelenburg,1,data/Pathological_Gaits/human8_trendelenburg1
8,trendelenburg,3,data/Pathological_Gaits/human8_trendelenburg3
8,trendelenburg,9,data/Pathological_Gaits/human8_trendelenburg9
8,trendelenburg,12,data/Pathological_Gaits/human8_trendelenburg12
8,trendelenburg,14,data/Pathological_Gaits/human8_trendelenburg14
8,trendelenburg,16,data/Pathological_Gaits/human8_trendelenburg16
8,trendelenburg,17,data/Pathological_Gaits/human8_trendelenburg17
8,trendelenburg,20,data/Pathological_Gaits/human8_trendelenburg20
9,trendelenburg,1,data/Pathological_Gaits/human9_trendelenburg1
9,trendelenburg,3,data/Pathological_Gaits/human9_trendelenburg3
9,trendelenburg,5,data/Pathological_Gaits/human9_trendelenburg5
9,trendelenburg,8,data/Pathological_Gaits/human9_trendelenburg8
9,trendelenburg,10,data/Pathological_Gaits/human9_trendelenburg10
9,trendelenburg,14,data/Pathological_Gaits/human9_trendelenburg14
9,trendelenburg,15,data/Pathological_Gaits/human9_trendelenburg15
9,trendelenburg,17,data/Pathological_Gaits/human9_trendelenburg17
