model,fold,accuracy,macro_f1
LogisticRegression,1,0.7198581560283688,0.7098180135524514
LogisticRegression,2,0.6481481481481481,0.6219684389404491
LogisticRegression,3,0.8303249097472925,0.8292767867376569
LogisticRegression,4,0.8122676579925651,0.8116512229006824
LogisticRegression,5,0.7706422018348624,0.7624869134824325
LogisticRegression,mean,0.7562482147502474,0.7470402751227344
LogisticRegression,std,0.06609475380121575,0.07510589592620047
RandomForest,1,0.723404255319149,0.7053157758420916
RandomForest,2,0.6648148148148149,0.654746146177065
RandomForest,3,0.8122743682310469,0.8101013212965663
RandomForest,4,0.7825278810408922,0.7726673110705269
RandomForest,5,0.7009174311926606,0.6920617664385137
RandomForest,mean,0.7367877501197128,0.7269784641649527
RandomForest,std,0.05373321174093582,0.05639651712061643
GradientBoosting,1,0.7411347517730497,0.7203454280080298
GradientBoosting,2,0.6018518518518519,0.5972024910189803
GradientBoosting,3,0.8628158844765343,0.860432495956315
GradientBoosting,4,0.7695167286245354,0.7634568524806804
GradientBoosting,5,0.728440366972477,0.7249046840624053
GradientBoosting,mean,0.7407519167396897,0.7332683903052821
GradientBoosting,std,0.08387130077518876,0.084655698567534
Dummy,1,0.1702127659574468,0.048484848484848485
Dummy,2,0.1648148148148148,0.04716481187069422
Dummy,3,0.17328519855595667,0.04923076923076924
Dummy,4,0.16728624535315986,0.04777070063694267
Dummy,5,0.163302752293578,0.046792849631966345
Dummy,mean,0.1677803553949912,0.04788879597104419
Dummy,std,0.003614067641067904,0.0008826515385658971
